Xpos,Ypos,Mag,Mag_err,flux,flux_err,type,peakflux,sigx,sigxy,sigy,sky,chisqr,class,FWHM1,FWHM2,FWHM,angle,extendedness,flag,mask,Nmask,RA,Dec,pixchk_Npos,pixchk_Nneg,pixchk_Nmask,pixchk_Ntot,pixchk_Fpos,pixchk_Fneg,time,zpt_av,zpt_00,band,mag0,MJD,MAG,MAGERR,FLT
2250.942,2251.149,-12.253,0.013999999999999999,79650.25,1037.99,0x00000001,8046.66,1.151657,-0.048794,1.173499,-235.13,9.4,0.0,2.84,2.65,2.74,53.0,15.2,0x0000,0x0000,0,0.0,0.0,38,5,0,53,70698.0,-754.0,58906.27664,28.983462,28.983462,i,16.730494141827556,58906.27664,16.730494141827556,0.013999999999999999,i
2250.948,2251.188,-12.276,0.013000000000000001,81375.95,1000.35,0x00000001,5027.7,1.379551,0.045398,1.597048,76.67,2.09,0.0,3.83,3.21,3.52,-72.9,-6.4,0x0000,0x0000,0,0.0,0.0,80,1,0,91,82205.0,-238.0,58910.24767,29.4243,29.4243,g,17.14805982087199,58910.24767,17.14805982087199,0.013000000000000001,g
2250.951,2251.073,-12.002,0.013999999999999999,63214.8,827.34,0x00000001,4098.08,1.544218,0.006723999999999999,1.366484,-258.18,1.56,0.0,3.64,3.22,3.43,-3.3,-1.5,0x0000,0x0000,0,0.0,0.0,40,11,0,86,47015.0,-1761.0,58895.28589,28.25,28.25,i,16.247953079378856,58895.28589,16.247953079378856,0.013999999999999999,i
2250.96,2251.1220000000003,-11.885,0.011000000000000001,56765.89,550.71,0x00000001,3942.0,1.349026,0.029008,1.457914,81.46,2.02,0.0,3.47,3.15,3.31,-71.9,2.8,0x0000,0x0000,0,0.0,0.0,67,0,0,75,57873.0,0.0,58910.25847,28.7403,28.7403,V,16.855081371752686,58910.25847,16.855081371752686,0.011000000000000001,V
2250.901,2251.072,-13.237,0.002,197096.77,439.34,0x00000001,17898.71,1.233309,0.000146,1.221459,164.07,119.78,0.0,2.9,2.88,2.89,-0.7,35.3,0x0000,0x0000,0,0.0,0.0,60,0,0,60,196127.0,0.0,58872.3515,27.624834,27.624834,r,14.388135232080067,58872.3515,14.388135232080067,0.002,r
2250.937,2251.113,-12.277000000000001,0.005,81413.08,393.82,0x00000001,7393.37,1.233309,0.000146,1.221459,24.89,23.96,0.0,2.9,2.88,2.89,-0.7,35.5,0x0000,0x0000,0,0.0,0.0,54,0,0,60,80016.0,0.0,58883.37303,28.00513,28.00513,r,15.728394537056099,58883.37303,15.728394537056099,0.005,r
2250.964,2251.155,-11.954,0.01,60496.18,567.38,0x00000001,2178.11,1.927084,0.025818,1.9623009999999999,-63.49,1.78,0.0,4.83,4.37,4.6,-50.2,-12.8,0x0000,0x0000,0,0.0,0.0,81,2,0,146,48473.0,-238.0,58896.28918,28.2576,28.2576,r,16.303280119455536,58896.28918,16.303280119455536,0.01,r
2250.978,2251.1220000000003,-13.062999999999999,0.006,167903.62,932.51,0x00000001,15248.12,1.233309,0.000146,1.221459,-26.08,9.03,0.0,2.9,2.88,2.89,-0.7,-15.2,0x0000,0x0000,0,0.0,0.0,55,0,0,60,156541.0,0.0,58905.28259,29.619146,29.619146,r,16.556495850943197,58905.28259,16.556495850943197,0.006,r
2250.903,2251.425,-9.815,0.040999999999999995,8433.18,322.03,0x00000001,447.28,1.558437,-0.035162,1.648309,9.49,1.37,0.0,3.99,3.59,3.79,60.9,-3.7,0x0001,0x8050,1,0.0,0.0,55,0,0,102,7976.0,0.0,58882.32175,28.441412,28.441412,u,18.626433574697344,58882.32175,18.626433574697344,0.040999999999999995,u
2250.748,2251.4339999999997,-9.203,0.066,4800.0,293.02,0x00000001,254.65,1.558437,-0.035162,1.648309,12.22,1.47,0.0,3.99,3.59,3.79,60.9,2.3,0x0000,0x0000,0,0.0,0.0,47,1,0,101,4902.0,-50.0,58904.32738,28.443257,28.443257,u,19.240153906561034,58904.32738,19.240153906561034,0.066,u
2251.025,2251.311,-9.175,0.08900000000000001,4678.4,385.47,0x00000001,210.03,1.672453,0.013572,1.822341,13.85,1.33,0.0,4.31,3.92,4.12,-77.2,-7.1,0x0000,0x0000,0,0.0,0.0,45,0,0,121,4714.0,0.0,58911.20413,28.3644,28.3644,u,19.189156622645633,58911.20413,19.189156622645633,0.08900000000000001,u
2250.98,2251.062,-12.652000000000001,0.006,115051.32,647.65,0x00000001,5870.14,1.589877,0.002537,1.686343,0.14,1.35,0.0,3.97,3.74,3.86,-86.7,-3.4,0x0000,0x0000,0,0.0,0.0,92,0,0,103,108066.0,0.0,58885.35286,28.4109,28.4109,r,15.758670985612477,58885.35286,15.758670985612477,0.006,r
2250.966,2251.117,-12.323,0.006999999999999999,84938.49,573.08,0x00000001,6243.68,1.332703,-0.012347,1.396124,-32.69,2.31,0.0,3.3,3.13,3.21,76.9,-15.8,0x0000,0x0000,0,0.0,0.0,57,0,0,69,76649.0,0.0,58884.36852,27.9692,27.9692,r,15.646438659943783,58884.36852,15.646438659943783,0.006999999999999999,r
2250.916,2251.161,-12.485,0.011000000000000001,98660.98,964.34,0x00000001,4706.93,1.6958119999999999,-4.4e-05,1.691077,-170.13,2.13,0.0,3.99,3.98,3.99,1.3,-4.8,0x0000,0x0000,0,0.0,0.0,67,7,0,112,80449.0,-908.0,58885.35471,28.258,28.258,i,15.772636437508064,58885.35471,15.772636437508064,0.011000000000000001,i
2250.837,2251.833,-10.769,0.006999999999999999,20308.24,137.51,0x00000001,844.62,1.8241580000000002,-0.050036000000000004,1.7792130000000002,-0.17,1.26,0.0,4.64,3.93,4.29,40.6,24.8,0x0000,0x0000,0,0.0,0.0,87,0,0,129,18692.0,0.0,58870.31992,26.1842,26.1842,B,15.415019282010938,58870.31992,15.415019282010938,0.006999999999999999,B
2250.968,2251.138,-13.274000000000001,0.004,203926.56,682.11,0x00000001,8787.66,1.688577,0.018546,1.8768340000000001,25.12,6.06,0.0,4.46,3.95,4.2,-75.5,-2.6,0x0000,0x0000,0,0.0,0.0,122,0,0,126,195019.0,0.0,58869.34905,27.9274,27.9274,g,14.65371551684156,58869.34905,14.65371551684156,0.004,g
2250.849,2251.814,-11.324000000000002,0.016,33863.39,492.71,0x00000001,1499.46,1.684757,0.021556,1.829636,40.89,1.15,0.0,4.36,3.92,4.14,-70.6,-10.1,0x0000,0x0000,0,0.0,0.0,100,0,0,123,35558.0,0.0,58903.28685,28.7513,28.7513,B,17.426973919126578,58903.28685,17.426973919126578,0.016,B
2250.952,2251.116,-12.099,0.006,69123.36,368.05,0x00000001,6277.88,1.233309,0.000146,1.221459,-9.44,21.33,0.0,2.9,2.88,2.89,-0.7,32.3,0x0000,0x0000,0,0.0,0.0,50,1,0,60,66798.0,-50.0,58894.3075,28.412825,28.412825,r,16.3137628987624,58894.3075,16.3137628987624,0.006,r
2250.96,2251.136,-13.029000000000002,0.003,162802.78,382.46,0x00000001,14227.28,1.2063700000000002,-0.040530000000000004,1.295033,151.17,56.08,0.0,3.09,2.81,2.95,69.1,34.6,0x0000,0x0000,0,0.0,0.0,64,0,0,64,161095.0,0.0,58869.35182,27.228326,27.228326,V,14.199171458562507,58869.35182,14.199171458562507,0.003,V
2250.968,2251.149,-12.692,0.006,119362.61,610.41,0x00000001,10431.38,1.2063700000000002,-0.040530000000000004,1.295033,144.73,5.97,0.0,3.09,2.81,2.95,69.1,22.1,0x0000,0x0000,0,0.0,0.0,56,0,0,64,118488.0,0.0,58905.30181,29.498248,29.498248,V,16.806077233554923,58905.30181,16.806077233554923,0.006,V
2250.953,2251.181,-12.823,0.015,134629.88,1916.22,0x00000001,13604.58,1.151657,-0.048794,1.173499,-472.07,6.8,0.0,2.84,2.65,2.74,53.0,8.5,0x0001,0x8074,10,0.0,0.0,36,4,0,52,114266.0,-1263.0,58905.28652,29.473194,29.473194,i,16.65034035327092,58905.28652,16.65034035327092,0.015,i
2250.949,2251.144,-12.065999999999999,0.01,67060.03,622.45,0x00000001,6775.39,1.151657,-0.048794,1.173499,-213.28,6.22,0.0,2.84,2.65,2.74,53.0,19.2,0x0000,0x0000,0,0.0,0.0,37,4,0,53,58127.0,-423.0,58893.28932,28.274146,28.274146,i,16.20798664155253,58893.28932,16.20798664155253,0.01,i
2250.979,2251.125,-12.23,0.004,77966.83,301.04,0x00000001,3942.78,1.68806,-0.007439,1.602174,-14.79,2.47,0.0,3.98,3.77,3.87,10.5,-23.3,0x0000,0x0000,0,0.0,0.0,95,0,0,105,71320.0,0.0,58870.31492,26.2444,26.2444,r,14.014625307756464,58870.31492,14.014625307756464,0.004,r
2250.9610000000002,2251.215,-11.300999999999998,0.013999999999999999,33137.54,413.16,0x00000001,1223.45,1.941643,0.004922,1.908152,28.6,0.96,0.0,4.59,4.48,4.53,-23.2,-1.4,0x0000,0x0000,0,0.0,0.0,104,0,0,143,33078.0,0.0,58896.30244,27.7833,27.7833,V,16.482499337564796,58896.30244,16.482499337564796,0.013999999999999999,V
2251.04,2251.094,-10.402000000000001,0.006999999999999999,14484.2,86.92,0x00000001,1315.29,1.233309,0.000146,1.221459,5.87,10.53,0.0,2.9,2.88,2.89,-0.7,36.2,0x0000,0x0000,0,0.0,0.0,54,0,0,60,14237.0,0.0,58882.31523,26.059855,26.059855,r,15.657618717526148,58882.31523,15.657618717526148,0.006999999999999999,r
2250.899,2251.156,-11.812000000000001,0.013000000000000001,53075.39,629.84,0x00000001,2295.55,1.71612,0.013544999999999998,1.841436,44.95,1.58,0.0,4.36,4.02,4.19,-74.4,0.5,0x0000,0x0000,0,0.0,0.0,98,0,0,127,53946.0,0.0,58903.2847,28.4798,28.4798,V,16.66756701484435,58903.2847,16.66756701484435,0.013000000000000001,V
2251.093,2251.288,-8.956,0.111,3822.5,389.11,0x00000001,192.42,1.6106719999999999,-0.010757,1.687023,8.11,0.88,0.0,3.99,3.78,3.88,73.9,-6.6,0x0000,0x0000,0,0.0,0.0,28,0,0,107,3026.0,0.0,58912.274,28.3886,28.3886,u,19.432731264789105,58912.274,19.432731264789105,0.111,u
2250.799,2251.742,-11.918,0.005,58490.61,252.24,0x00000001,4034.36,1.3665049999999999,-0.062967,1.440205,25.79,4.73,0.0,3.55,3.1,3.32,56.5,17.2,0x0000,0x0000,0,0.0,0.0,78,0,0,78,56389.0,0.0,58869.35282,27.178442,27.178442,B,15.260726623363256,58869.35282,15.260726623363256,0.005,B
2250.9770000000003,2251.136,-12.46,0.011000000000000001,96371.16,996.11,0x00000001,5940.43,1.41959,0.047205000000000004,1.554783,28.72,1.82,0.0,3.76,3.27,3.52,-65.6,-9.6,0x0000,0x0000,0,0.0,0.0,73,0,0,91,93273.0,0.0,58910.24226,29.1814,29.1814,r,16.721532283676343,58910.24226,16.721532283676343,0.011000000000000001,r
2250.952,2251.117,-12.501,0.002,100051.21,229.0,0x00000001,8743.53,1.2063700000000002,-0.040530000000000004,1.295033,103.05,59.94,0.0,3.09,2.81,2.95,69.1,34.6,0x0000,0x0000,0,0.0,0.0,64,0,0,64,100441.0,0.0,58872.35862,27.198901,27.198901,V,14.69834513680617,58872.35862,14.69834513680617,0.002,V
2250.844,2251.152,-11.989,0.013000000000000001,62444.44,745.75,0x00000001,3952.61,1.433331,0.018019,1.5068709999999998,28.55,2.9,0.0,3.57,3.35,3.46,-71.1,-17.0,0x0000,0x0000,0,0.0,0.0,75,3,0,85,59965.0,-373.0,58903.27425,28.9732,28.9732,g,16.98446556195226,58903.27425,16.98446556195226,0.013000000000000001,g
2250.913,2251.155,-12.437999999999999,0.012,94415.75,1072.83,0x00000001,7821.87,1.264489,-0.018305000000000002,1.305348,58.67,8.74,0.0,3.09,2.96,3.03,68.2,12.7,0x0000,0x0000,0,0.0,0.0,58,0,0,66,93164.0,0.0,58907.36082,29.063,29.063,i,16.62538888163994,58907.36082,16.62538888163994,0.012,i
2250.972,2251.177,-11.328,0.009000000000000001,33990.48,280.85,0x00000001,2970.32,1.2063700000000002,-0.040530000000000004,1.295033,39.75,4.33,0.0,3.09,2.81,2.95,69.1,18.7,0x0000,0x0000,0,0.0,0.0,56,0,0,65,33940.0,0.0,58894.32053,27.899151,27.899151,V,16.570757756100498,58894.32053,16.570757756100498,0.009000000000000001,V
2250.996,2251.106,-11.927,0.004,59004.59,228.4,0x00000001,5358.5,1.233309,0.000146,1.221459,31.6,37.47,0.0,2.9,2.88,2.89,-0.7,36.5,0x0000,0x0000,0,0.0,0.0,61,0,0,61,57860.0,0.0,58874.3739,26.534106,26.534106,r,14.60689150758381,58874.3739,14.60689150758381,0.004,r
2250.951,2251.206,-12.542,0.01,103955.9,925.74,0x00000001,7462.17,1.339114,-0.053346000000000005,1.41596,27.09,3.53,0.0,3.44,3.07,3.26,59.5,-6.6,0x0000,0x0000,0,0.0,0.0,64,1,0,73,97321.0,-164.0,58906.27954,29.581757,29.581757,g,17.03963414330292,58906.27954,17.03963414330292,0.01,g
2250.953,2251.244,-12.546,0.015,104324.8,1418.43,0x00000001,8808.62,1.210648,-0.05418200000000001,1.333142,-28.5,2.65,0.0,3.2,2.81,3.0,68.9,-10.2,0x0000,0x0000,0,0.0,0.0,51,1,0,65,93364.0,-237.0,58908.30726,29.5921,29.5921,g,17.046131097992337,58908.30726,17.046131097992337,0.015,g
2250.7070000000003,2251.73,-11.315,0.011000000000000001,33587.89,343.15,0x00000001,2316.72,1.3665049999999999,-0.062967,1.440205,30.76,1.98,0.0,3.55,3.1,3.32,56.5,5.2,0x0000,0x0000,0,0.0,0.0,70,0,0,79,33506.0,0.0,58909.37156,28.963962,28.963962,B,17.648505194484798,58909.37156,17.648505194484798,0.011000000000000001,B
2250.959,2251.155,-12.35,0.005,87061.92,388.35,0x00000001,7906.66,1.233309,0.000146,1.221459,54.97,27.79,0.0,2.9,2.88,2.89,-0.7,35.6,0x0000,0x0000,0,0.0,0.0,59,0,0,61,86953.0,0.0,58882.31679,27.985198,27.985198,r,15.63562739864921,58882.31679,15.63562739864921,0.005,r
2250.949,2251.138,-12.917,0.004,146892.42,530.23,0x00000001,14837.5,1.151657,-0.048794,1.173499,92.48,127.98,0.0,2.84,2.65,2.74,53.0,33.9,0x0000,0x0000,0,0.0,0.0,53,0,0,53,146120.0,0.0,58872.35262,27.437134,27.437134,i,14.519635535662339,58872.35262,14.519635535662339,0.004,i
2250.876,2251.254,-9.175,0.092,4677.63,395.27,0x00000001,216.06,1.617909,0.036278,1.8202450000000001,6.41,1.3,0.0,4.39,3.74,4.07,-68.9,-1.5,0x0000,0x0000,0,0.0,0.0,37,2,0,115,4126.0,-118.0,58910.25045,28.3987,28.3987,u,19.22363533453081,58910.25045,19.22363533453081,0.092,u
2250.947,2251.2270000000003,-11.823,0.018000000000000002,53623.49,881.01,0x00000001,3848.98,1.339114,-0.053346000000000005,1.41596,-26.29,1.92,0.0,3.44,3.07,3.26,59.5,0.2,0x0000,0x0000,0,0.0,0.0,52,3,0,74,48192.0,-501.0,58923.27719,29.305505,29.305505,g,17.482117310160277,58923.27719,17.482117310160277,0.018000000000000002,g
2250.894,2251.1420000000003,-11.185,0.013999999999999999,29778.35,387.19,0x00000001,2137.62,1.339114,-0.053346000000000005,1.41596,20.48,2.39,0.0,3.44,3.07,3.26,59.5,-5.0,0x0000,0x0000,0,0.0,0.0,63,1,0,72,28210.0,-56.0,58908.30547,28.254938,28.254938,g,17.07018642476615,58908.30547,17.07018642476615,0.013999999999999999,g
2250.798,2251.844,-11.515999999999998,0.022000000000000002,40383.47,801.05,0x00000001,2784.94,1.3665049999999999,-0.062967,1.440205,-5.6,1.93,0.0,3.55,3.1,3.32,56.5,6.9,0x0000,0x0000,0,0.0,0.0,67,0,0,77,40364.0,0.0,58921.2622,29.472422,29.472422,B,17.956912916235726,58921.2622,17.956912916235726,0.022000000000000002,B
2250.903,2251.084,-12.597000000000001,0.008,109329.76,852.16,0x00000001,9929.87,1.233309,0.000146,1.221459,40.82,10.53,0.0,2.9,2.88,2.89,-0.7,24.8,0x0000,0x0000,0,0.0,0.0,55,0,0,60,106820.0,0.0,58908.29823,29.335487,29.335487,r,16.738641013136785,58908.29823,16.738641013136785,0.008,r
2251.052,2251.125,-12.315,0.013999999999999999,84303.61,1092.58,0x00000001,3993.61,1.615197,0.055992999999999994,1.7649259999999998,14.14,1.96,0.0,4.39,3.65,4.02,-59.5,3.4,0x0000,0x0000,0,0.0,0.0,89,0,0,114,80682.0,0.0,58911.20108,29.4644,29.4644,g,17.149784569680392,58911.20108,17.149784569680392,0.013999999999999999,g
2250.933,2251.178,-12.267000000000001,0.01,80690.71,777.95,0x00000001,5791.56,1.339114,-0.053346000000000005,1.41596,46.17,2.11,0.0,3.44,3.07,3.26,59.5,-5.9,0x0000,0x0000,0,0.0,0.0,65,0,0,72,76246.0,0.0,58904.32488,29.263139,29.263139,g,16.99608015786587,58904.32488,16.99608015786587,0.01,g
2251.061,2251.014,-11.912,0.01,58208.27,560.47,0x00000001,3213.01,1.500289,0.018331999999999998,1.650384,57.69,1.26,0.0,3.91,3.52,3.71,-77.3,-0.6,0x0000,0x0000,0,0.0,0.0,85,0,0,97,59092.0,0.0,58911.21199,28.7742,28.7742,V,16.861738270324935,58911.21199,16.861738270324935,0.01,V
2250.947,2251.127,-11.698,0.01,47793.88,442.17,0x00000001,4176.7,1.2063700000000002,-0.040530000000000004,1.295033,68.45,2.28,0.0,3.09,2.81,2.95,69.1,9.2,0x0000,0x0000,0,0.0,0.0,57,0,0,64,48203.0,0.0,58904.33529,28.502909,28.502909,V,16.80447827794631,58904.33529,16.80447827794631,0.01,V
2250.79,2251.375,-8.213,0.11,1928.88,195.15,0x00000001,73.3,1.862809,0.019278,1.9245299999999999,0.94,0.99,0.0,4.64,4.3,4.47,-57.6,-2.9,0x0000,0x0000,0,0.0,0.0,17,3,0,140,1006.0,-101.0,58896.29453,27.2238,27.2238,u,19.010536974901306,58896.29453,19.010536974901306,0.11,u
2250.897,2251.238,-12.818,0.005,133969.31,645.01,0x00000001,8257.99,1.446248,0.033544,1.530349,-19.91,5.55,0.0,3.68,3.35,3.51,-63.6,-21.9,0x0000,0x0000,0,0.0,0.0,80,0,0,90,125791.0,0.0,58876.36138,27.6385,27.6385,r,14.820986698569225,58876.36138,14.820986698569225,0.005,r
2251.005,2251.084,-11.937999999999999,0.005,59613.78,268.05,0x00000001,5413.77,1.233309,0.000146,1.221459,61.37,20.32,0.0,2.9,2.88,2.89,-0.7,36.5,0x0000,0x0000,0,0.0,0.0,61,0,0,61,60986.0,0.0,58869.34554,26.017418,26.017418,r,14.0790513487104,58869.34554,14.0790513487104,0.005,r
2251.062,2251.2870000000003,-12.958,0.004,152524.88,524.45,0x00000001,8983.22,1.530851,-0.0039369999999999995,1.5172299999999999,-35.88,9.25,0.0,3.61,3.57,3.59,22.8,-12.2,0x0000,0x0000,0,0.0,0.0,82,0,0,92,140327.0,0.0,58875.37485,27.6207,27.6207,r,14.662348270049039,58875.37485,14.662348270049039,0.004,r
2251.006,2251.21,-13.514000000000001,0.003,254499.54,646.13,0x00000001,17081.29,1.451167,0.041253,1.399626,-14.03,9.68,0.0,3.52,3.21,3.37,-33.3,-9.0,0x0000,0x0000,0,0.0,0.0,77,0,0,78,235311.0,0.0,58871.35001,27.6356,27.6356,r,14.12138249575069,58871.35001,14.12138249575069,0.003,r
2250.991,2251.106,-12.139000000000001,0.009000000000000001,71695.72,594.61,0x00000001,4058.24,1.6325,0.006047,1.480348,8.19,1.48,0.0,3.85,3.48,3.67,-4.2,-2.1,0x0000,0x0000,0,0.0,0.0,76,1,0,97,67280.0,-126.0,58895.28749,28.9831,28.9831,g,16.844366923796436,58895.28749,16.844366923796436,0.009000000000000001,g
2250.9210000000003,2251.785,-12.097000000000001,0.011000000000000001,68987.12,701.2,0x00000001,4182.62,1.4653639999999999,-0.036847000000000005,1.5343639999999998,71.57,2.05,0.0,3.71,3.37,3.54,59.5,-9.4,0x0000,0x0000,0,0.0,0.0,78,0,0,91,69292.0,0.0,58908.32532,29.6784,29.6784,B,17.581479962833374,58908.32532,17.581479962833374,0.011000000000000001,B
2251.06,2251.021,-11.876,0.006,56263.34,309.26,0x00000001,3060.74,1.668221,-0.029306,1.503364,-30.43,1.8,0.0,3.98,3.5,3.74,17.6,2.1,0x0000,0x0000,0,0.0,0.0,81,0,0,98,50776.0,0.0,58870.31588,26.0894,26.0894,i,14.213836225196246,58870.31588,14.213836225196246,0.006,i
2250.9120000000003,2251.129,-12.115,0.006,70148.2,403.49,0x00000001,6370.37,1.233309,0.000146,1.221459,-0.85,24.02,0.0,2.9,2.88,2.89,-0.7,35.2,0x0000,0x0000,0,0.0,0.0,52,2,0,61,68354.0,-156.0,58893.28775,28.421007,28.421007,r,16.30596567117911,58893.28775,16.30596567117911,0.006,r
2250.911,2251.297,-9.206,0.068,4811.98,302.76,0x00000001,255.1,1.558437,-0.035162,1.648309,-2.57,1.67,0.0,3.99,3.59,3.79,60.9,-4.4,0x0000,0x0000,0,0.0,0.0,43,4,0,101,4119.0,-221.0,58905.29418,28.494293,28.494293,u,19.288483465959164,58905.29418,19.288483465959164,0.068,u
2250.974,2251.795,-11.314,0.016,33531.58,487.55,0x00000001,1808.19,1.5439049999999999,0.013096,1.642351,63.72,1.69,0.0,3.88,3.62,3.75,-75.9,1.7,0x0000,0x0000,0,0.0,0.0,83,0,0,99,36748.0,0.0,58911.21479,28.9682,28.9682,B,17.654564955593273,58911.21479,17.654564955593273,0.016,B
2250.819,2251.792,-12.204,0.005,76156.18,336.63,0x00000001,5253.0,1.3665049999999999,-0.062967,1.440205,32.19,6.12,0.0,3.55,3.1,3.32,56.5,24.4,0x0000,0x0000,0,0.0,0.0,73,0,0,78,73616.0,0.0,58876.37175,28.673833,28.673833,B,16.469570120806857,58876.37175,16.469570120806857,0.005,B
2250.9339999999997,2251.219,-12.064,0.01,66956.39,605.51,0x00000001,4806.66,1.339114,-0.053346000000000005,1.41596,33.42,2.78,0.0,3.44,3.07,3.26,59.5,-2.6,0x0000,0x0000,0,0.0,0.0,60,1,0,74,62603.0,-88.0,58909.35927,29.202919,29.202919,g,17.13843892417616,58909.35927,17.13843892417616,0.01,g
2251.225,2251.301,-7.992999999999999,0.255,1574.55,368.86,0x00000003,142.76,1.233309,0.000146,1.221459,-5.65,1.45,0.0,2.9,2.88,2.89,-0.7,1.4,0x0000,0x0000,0,0.0,0.0,27,5,0,60,2105.0,-114.0,58895.23958,24.877239,24.877239,r,16.884347859354374,58895.23958,16.884347859354374,0.255,r
2250.752,2224.0860000000002,-10.341,0.0,13695.52,0.0,0x00000002,726.44,0.933006,-0.35226799999999997,2.0940380000000003,5.85,21.11,0.0,7.14,2.09,4.62,71.3,-46.1,0x0000,0x0000,0,0.0,0.0,71,1,0,102,12964.0,-12.0,58872.35487,27.089914,27.089914,u,16.748467683836616,58872.35487,16.748467683836616,0.0,u
2250.9410000000003,2251.3979999999997,-9.232999999999999,0.095,4932.99,433.72,0x00000001,156.23,2.017398,0.013153,2.139351,12.17,1.15,0.0,5.1,4.7,4.9,-68.0,3.0,0x0000,0x0000,0,0.0,0.0,61,1,0,168,5293.0,-65.0,58903.27644,28.4164,28.4164,u,19.18362441231222,58903.27644,19.18362441231222,0.095,u
2250.949,2250.969,-12.174000000000001,0.019,74074.51,1290.73,0x00000001,6343.2,1.267292,0.011821,1.260993,131.41,3.74,0.0,3.01,2.95,2.98,-37.6,-0.6,0x0000,0x0000,0,0.0,0.0,57,2,0,64,77043.0,-329.0,58912.26859,28.9388,28.9388,i,16.764628031698752,58912.26859,16.764628031698752,0.019,i
2250.822,2251.792,-12.202,0.011000000000000001,76026.49,743.13,0x00000001,5243.74,1.3665049999999999,-0.062967,1.440205,60.92,2.93,0.0,3.55,3.1,3.32,56.5,15.7,0x0000,0x0000,0,0.0,0.0,74,0,0,78,76299.0,0.0,58893.30286,29.636217,29.636217,B,17.4338046490238,58893.30286,17.4338046490238,0.011000000000000001,B
2250.815,2251.821,-12.155999999999999,0.008,72829.37,542.93,0x00000001,5023.2,1.3665049999999999,-0.062967,1.440205,75.32,3.86,0.0,3.55,3.1,3.32,56.5,-12.8,0x0000,0x0000,0,0.0,0.0,74,0,0,79,73384.0,0.0,58906.29516,29.755037,29.755037,B,17.59927061707873,58906.29516,17.59927061707873,0.008,B
2251.001,2251.175,-9.441,0.023,5974.99,126.12,0x00000001,355.37,1.4965700000000002,0.0076170000000000005,1.53636,-6.89,0.87,0.0,3.63,3.52,3.57,-73.1,-3.9,0x0000,0x0000,0,0.0,0.0,37,0,0,93,4803.0,0.0,58903.26841,26.0136,26.0136,r,16.572757043082806,58903.26841,16.572757043082806,0.023,r
2250.9429999999998,2251.1220000000003,-12.465,0.006,96802.26,503.97,0x00000001,8459.35,1.2063700000000002,-0.040530000000000004,1.295033,131.36,4.27,0.0,3.09,2.81,2.95,69.1,16.5,0x0000,0x0000,0,0.0,0.0,57,0,0,64,97529.0,0.0,58906.29037,29.297041,29.297041,V,16.8323272582251,58906.29037,16.8323272582251,0.006,V
2251.246,2252.141,-11.039000000000001,0.12300000000000001,26040.79,2939.54,0x00000003,1796.52,1.3665049999999999,-0.062967,1.440205,-43.56,2.24,0.0,3.55,3.1,3.32,56.5,1.6,0x0000,0x0000,0,0.0,0.0,49,7,0,78,30111.0,-909.0,58923.28922,29.361073,29.361073,B,18.32193761175765,58923.28922,18.32193761175765,0.12300000000000001,B
2250.812,2251.82,-9.073,0.017,4257.26,66.04,0x00000001,293.64,1.3665049999999999,-0.062967,1.440205,7.73,1.64,0.0,3.55,3.1,3.32,56.5,8.4,0x0000,0x0000,0,0.0,0.0,68,0,0,79,4607.0,0.0,58906.29432,26.685486,26.685486,B,17.61266056429336,58906.29432,17.61266056429336,0.017,B
2250.5879999999997,2250.946,-9.208,0.07400000000000001,4819.95,327.64,0x00000001,254.1,1.5940450000000002,-0.035118,1.622257,-0.07,1.12,0.0,3.98,3.62,3.8,50.5,1.0,0x0000,0x0000,0,0.0,0.0,41,2,0,104,4452.0,-139.0,58907.36594,28.2251,28.2251,u,19.017493667284995,58907.36594,19.017493667284995,0.07400000000000001,u
2250.9139999999998,2251.223,-12.577,0.006,107331.26,601.67,0x00000001,6488.56,1.481871,0.020551,1.52556,-62.88,3.33,0.0,3.64,3.45,3.54,-61.0,1.5,0x0000,0x0000,0,0.0,0.0,77,0,0,91,99482.0,0.0,58876.36301,27.4399,27.4399,i,14.863084430678896,58876.36301,14.863084430678896,0.006,i
2250.6839999999997,2250.944,-11.937999999999999,0.322,59582.39,17704.2,0x00000003,6020.94,1.151657,-0.048794,1.173499,-271.68,1.31,0.0,2.84,2.65,2.74,53.0,3.3,0x0001,0x8074,21,0.0,0.0,45,2,2,53,81192.0,-323.0,58921.24274,29.431992,29.431992,i,17.494197200310253,58921.24274,17.494197200310253,0.322,i
2250.947,2251.123,-12.227,0.01,77756.99,730.23,0x00000001,6191.11,1.275033,-0.004365,1.3475409999999999,-28.03,1.84,0.0,3.17,3.0,3.09,86.1,-8.4,0x0000,0x0000,0,0.0,0.0,59,0,0,69,72543.0,0.0,58904.32081,28.7486,28.7486,r,16.52175139861533,58904.32081,16.52175139861533,0.01,r
2250.996,2251.2039999999997,-12.120999999999999,0.01,70548.8,678.0,0x00000001,4470.15,1.446878,-0.014537999999999999,1.491431,26.31,1.22,0.0,3.54,3.38,3.46,67.0,3.9,0x0000,0x0000,0,0.0,0.0,69,0,0,86,67536.0,0.0,58908.31993,28.9094,28.9094,V,16.788175922449867,58908.31993,16.788175922449867,0.01,V
2251.013,2251.0789999999997,-11.468,0.01,38637.47,370.62,0x00000001,2399.78,1.556683,0.028267,1.412302,20.81,1.21,0.0,3.7,3.3,3.5,-16.3,-1.0,0x0000,0x0000,0,0.0,0.0,66,0,0,89,37036.0,0.0,58895.29795,27.9812,27.9812,V,16.51367829783936,58895.29795,16.51367829783936,0.01,V
2250.969,2251.141,-11.795,0.011000000000000001,52245.82,515.73,0x00000001,4565.79,1.2063700000000002,-0.040530000000000004,1.295033,53.6,2.48,0.0,3.09,2.81,2.95,69.1,9.4,0x0000,0x0000,0,0.0,0.0,53,0,0,64,51535.0,0.0,58912.28181,28.778827,28.778827,V,16.98369812541319,58912.28181,16.98369812541319,0.011000000000000001,V
2250.758,2251.709,-11.478,0.006,38994.91,200.19,0x00000001,2689.67,1.3665049999999999,-0.062967,1.440205,7.69,5.7,0.0,3.55,3.1,3.32,56.5,24.4,0x0000,0x0000,0,0.0,0.0,73,0,0,78,36891.0,0.0,58871.35909,27.144826,27.144826,B,15.667306194175966,58871.35909,15.667306194175966,0.006,B
2250.96,2251.147,-12.280999999999999,0.013999999999999999,81748.96,1040.29,0x00000001,5226.59,1.428346,-0.00014099999999999998,1.498001,9.09,1.56,0.0,3.53,3.36,3.45,89.8,-7.2,0x0000,0x0000,0,0.0,0.0,65,0,0,86,75907.0,0.0,58912.27131,29.4381,29.4381,g,17.15689440918094,58912.27131,17.15689440918094,0.013999999999999999,g
2250.826,2251.825,-11.12,0.016,28047.62,415.06,0x00000001,1207.02,1.6678689999999998,0.020822999999999998,1.9016650000000002,26.63,1.54,0.0,4.52,3.9,4.21,-76.7,4.5,0x0000,0x0000,0,0.0,0.0,97,0,0,127,29811.0,0.0,58910.26117,28.6822,28.6822,B,17.562459962999945,58910.26117,17.562459962999945,0.016,B
2250.841,2251.782,-11.206,0.016,30355.21,441.3,0x00000001,1814.98,1.4597790000000002,-0.027652,1.564349,24.8,1.22,0.0,3.73,3.4,3.57,68.8,5.9,0x0000,0x0000,0,0.0,0.0,61,0,0,93,29158.0,0.0,58912.28457,28.8746,28.8746,B,17.669016895733492,58912.28457,17.669016895733492,0.016,B
2250.915,2251.178,-12.681,0.003,118150.44,378.77,0x00000001,10325.06,1.2063700000000002,-0.040530000000000004,1.295033,130.99,37.04,0.0,3.09,2.81,2.95,69.1,33.2,0x0000,0x0000,0,0.0,0.0,63,0,0,63,119827.0,0.0,58871.35719,27.20577,27.20577,V,14.524681641718551,58871.35719,14.524681641718551,0.003,V
2250.964,2251.064,-9.436,0.021,5947.74,113.51,0x00000001,540.17,1.233309,0.000146,1.221459,-4.13,2.97,0.0,2.9,2.88,2.89,-0.7,16.3,0x0000,0x0000,0,0.0,0.0,34,0,0,61,5503.0,0.0,58904.31957,26.085068,26.085068,r,16.64918806130043,58904.31957,16.64918806130043,0.021,r
2250.942,2251.174,-11.222999999999999,0.012,30844.75,344.76,0x00000001,2801.37,1.233309,0.000146,1.221459,-34.7,7.55,0.0,2.9,2.88,2.89,-0.7,31.4,0x0000,0x0000,0,0.0,0.0,40,0,0,61,28447.0,0.0,58908.29688,28.006271,28.006271,r,16.783317863522488,58908.29688,16.783317863522488,0.012,r
2250.8360000000002,2251.7729999999997,-12.382,0.008,89700.92,679.75,0x00000001,3926.21,1.7167299999999999,-0.006051,1.820216,34.56,1.82,0.0,4.29,4.04,4.17,81.0,-16.2,0x0000,0x0000,0,0.0,0.0,103,0,0,124,86900.0,0.0,58884.37589,29.4557,29.4557,B,17.07370775669093,58884.37589,17.07370775669093,0.008,B
2250.883,2251.047,-10.745,0.015,19864.41,281.88,0x00000001,1311.03,1.411235,-0.027614999999999997,1.4663540000000002,23.89,1.14,0.0,3.51,3.28,3.39,61.9,7.5,0x0000,0x0000,0,0.0,0.0,59,0,0,82,19737.0,0.0,58908.31859,27.5537,27.5537,V,16.808510823884937,58908.31859,16.808510823884937,0.015,V
2251.014,2251.26,-11.889000000000001,0.004,56975.2,191.03,0x00000001,4979.03,1.2063700000000002,-0.040530000000000004,1.295033,66.04,14.97,0.0,3.09,2.81,2.95,69.1,34.5,0x0000,0x0000,0,0.0,0.0,64,0,0,64,57341.0,0.0,58876.37045,27.205559,27.205559,V,15.316344354103329,58876.37045,15.316344354103329,0.004,V
2250.978,2251.172,-11.992,0.008,62613.19,465.75,0x00000001,2991.11,1.674665,0.006794,1.709709,27.27,1.31,0.0,4.04,3.93,3.99,-68.4,-11.3,0x0000,0x0000,0,0.0,0.0,88,0,0,111,59862.0,0.0,58884.37432,28.0196,28.0196,V,16.027935423331286,58884.37432,16.027935423331286,0.008,V
2252.053,2237.331,-8.521,0.19699999999999998,2560.43,461.93,0x00000001,135.14,1.558437,-0.035162,1.648309,-8.26,3.69,0.0,3.99,3.59,3.79,60.9,-18.9,0x0000,0x0000,0,0.0,0.0,46,5,0,102,3362.0,-294.0,58921.25062,28.533506,28.533506,u,20.012723732281728,58921.25062,20.012723732281728,0.19699999999999998,u
2250.861,2251.656,-12.45,0.009000000000000001,95458.19,797.17,0x00000001,3110.41,2.028653,-0.009197,2.06819,105.82,1.4,0.0,4.93,4.72,4.83,58.3,2.3,0x0000,0x0000,0,0.0,0.0,154,0,0,163,104703.0,0.0,58885.36833,29.6035,29.6035,B,17.15396701156975,58885.36833,17.15396701156975,0.009000000000000001,B
2250.927,2251.201,-12.887,0.009000000000000001,142857.77,1214.24,0x00000001,10254.91,1.339114,-0.053346000000000005,1.41596,-1.79,3.27,0.0,3.44,3.07,3.26,59.5,-1.8,0x0000,0x0000,0,0.0,0.0,67,1,0,72,132136.0,-141.0,58905.29019,29.917987,29.917987,g,17.030727333664167,58905.29019,17.030727333664167,0.009000000000000001,g
2250.615,2251.345,-8.978,0.066,3902.09,238.82,0x00000001,207.09,1.558437,-0.035162,1.648309,32.54,1.91,0.0,3.99,3.59,3.79,60.9,0.2,0x0000,0x0000,0,0.0,0.0,71,3,0,102,5776.0,-109.0,58909.36149,28.209732,28.209732,u,19.231488795034036,58909.36149,19.231488795034036,0.066,u
2250.935,2251.14,-12.235999999999999,0.008,78396.5,561.02,0x00000001,7918.36,1.151657,-0.048794,1.173499,-94.28,22.03,0.0,2.84,2.65,2.74,53.0,26.0,0x0000,0x0000,0,0.0,0.0,43,1,0,53,72810.0,-60.0,58882.31831,27.856679,27.856679,i,15.620937314737146,58882.31831,15.620937314737146,0.008,i
2250.663,2251.593,-9.064,0.1,4224.16,390.21,0x00000001,187.28,1.9208169999999998,-0.014931,1.6046120000000001,13.59,1.07,0.0,4.54,3.77,4.15,7.1,-4.0,0x0000,0x0000,0,0.0,0.0,34,0,0,121,3724.0,0.0,58908.31056,28.3467,28.3467,u,19.282349100593105,58908.31056,19.282349100593105,0.1,u
2250.8579999999997,2251.744,-10.93,0.017,23547.3,367.22,0x00000001,1329.31,1.531578,-0.038301,1.575499,15.96,0.89,0.0,3.85,3.49,3.67,53.5,-3.7,0x0000,0x0000,0,0.0,0.0,62,0,0,95,22261.0,0.0,58908.32294,28.4886,28.4886,B,17.558747207784116,58908.32294,17.558747207784116,0.017,B
2250.9179999999997,2251.222,-11.864,0.01,55652.34,492.9,0x00000001,3994.7,1.339114,-0.053346000000000005,1.41596,11.14,3.94,0.0,3.44,3.07,3.26,59.5,8.0,0x0000,0x0000,0,0.0,0.0,63,2,0,74,52296.0,-170.0,58893.29096,28.674759,28.674759,g,16.81105042568516,58893.29096,16.81105042568516,0.01,g
2250.925,2251.177,-12.217,0.006999999999999999,77067.01,514.03,0x00000001,5531.58,1.339114,-0.053346000000000005,1.41596,31.9,3.28,0.0,3.44,3.07,3.26,59.5,12.2,0x0000,0x0000,0,0.0,0.0,68,0,0,72,72911.0,0.0,58883.37537,28.692023,28.692023,g,16.474851725465122,58883.37537,16.474851725465122,0.006999999999999999,g
2250.895,2251.141,-9.582,0.013999999999999999,6802.14,88.47,0x00000001,617.71,1.233309,0.000146,1.221459,-0.37,5.11,0.0,2.9,2.88,2.89,-0.7,33.1,0x0000,0x0000,0,0.0,0.0,45,1,0,62,6774.0,-15.0,58897.30924,26.060806,26.060806,r,16.479192084418354,58897.30924,16.479192084418354,0.013999999999999999,r
2250.906,2251.179,-12.265999999999998,0.01,80636.73,714.32,0x00000001,4410.14,1.48259,0.035491,1.680522,-18.77,1.91,0.0,4.02,3.45,3.74,-72.4,-17.7,0x0000,0x0000,0,0.0,0.0,80,0,0,99,73417.0,0.0,58903.26971,28.7538,28.7538,r,16.48746773038844,58903.26971,16.48746773038844,0.01,r
2250.786,2251.351,-8.974,0.077,3887.18,275.22,0x00000001,206.36,1.558437,-0.035162,1.648309,9.29,1.87,0.0,3.99,3.59,3.79,60.9,-2.4,0x0000,0x0000,0,0.0,0.0,45,3,0,101,3825.0,-162.0,58906.28275,28.379957,28.379957,u,19.405870371089208,58906.28275,19.405870371089208,0.077,u
2250.886,2251.05,-12.460999999999999,0.008,96503.0,693.3,0x00000001,8764.3,1.233309,0.000146,1.221459,44.1,23.61,0.0,2.9,2.88,2.89,-0.7,28.0,0x0000,0x0000,0,0.0,0.0,51,0,0,60,93615.0,0.0,58907.35806,29.133716,29.133716,r,16.67236396370803,58907.35806,16.67236396370803,0.008,r
2250.919,2251.12,-11.286,0.019,32681.59,557.8,0x00000001,2856.57,1.2063700000000002,-0.040530000000000004,1.295033,20.27,2.2,0.0,3.09,2.81,2.95,69.1,8.7,0x0000,0x0000,0,0.0,0.0,46,1,0,64,31334.0,-78.0,58923.28696,28.614731,28.614731,V,17.32897305664737,58923.28696,17.32897305664737,0.019,V
2250.9,2251.1679999999997,-12.077,0.018000000000000002,67708.83,1092.99,0x00000001,4900.37,1.3272030000000001,0.077279,1.409825,-292.06,2.19,0.0,3.5,2.99,3.25,-56.3,-15.5,0x0000,0x0000,0,0.0,0.0,39,7,0,72,50819.0,-1068.0,58903.27203,28.5639,28.5639,i,16.48728672672834,58903.27203,16.48728672672834,0.018000000000000002,i
2250.9210000000003,2251.124,-12.126,0.009000000000000001,70852.46,559.21,0x00000001,7157.61,1.151657,-0.048794,1.173499,-76.62,19.54,0.0,2.84,2.65,2.74,53.0,30.3,0x0000,0x0000,0,0.0,0.0,44,1,0,53,66748.0,-105.0,58883.3742,27.847616,27.847616,i,15.721728666086168,58883.3742,15.721728666086168,0.009000000000000001,i
2251.0029999999997,2251.087,-11.909,0.009000000000000001,58001.01,487.32,0x00000001,1530.74,2.291674,-0.001797,2.261726,42.34,1.03,0.0,5.41,5.32,5.36,17.6,2.9,0x0000,0x0000,0,0.0,0.0,169,0,0,202,61245.0,0.0,58885.36623,28.0369,28.0369,V,16.12831110947164,58885.36623,16.12831110947164,0.009000000000000001,V
2250.933,2251.235,-12.287,0.006999999999999999,82192.67,527.75,0x00000001,5899.38,1.339114,-0.053346000000000005,1.41596,38.37,4.05,0.0,3.44,3.07,3.26,59.5,4.7,0x0000,0x0000,0,0.0,0.0,70,1,0,75,78402.0,-51.0,58882.31979,28.683475,28.683475,g,16.396392278549392,58882.31979,16.396392278549392,0.006999999999999999,g
2250.908,2251.135,-12.142000000000001,0.011000000000000001,71924.76,704.12,0x00000001,1985.92,2.208065,-0.00735,2.242461,34.22,1.07,0.0,5.35,5.14,5.24,56.5,-4.7,0x0000,0x0000,0,0.0,0.0,156,0,0,191,71329.0,0.0,58885.35638,28.7012,28.7012,g,16.559003946494666,58885.35638,16.559003946494666,0.011000000000000001,g
2250.978,2251.055,-12.159,0.009000000000000001,73022.13,572.75,0x00000001,4210.82,1.592283,0.006609,1.48968,-38.49,1.06,0.0,3.75,3.5,3.63,-6.6,-2.6,0x0000,0x0000,0,0.0,0.0,68,0,0,96,65755.0,0.0,58895.28439,28.3987,28.3987,r,16.240063757904416,58895.28439,16.240063757904416,0.009000000000000001,r
2251.0229999999997,2251.12,-12.57,0.006,106624.15,634.49,0x00000001,9682.44,1.233309,0.000146,1.221459,2.28,8.92,0.0,2.9,2.88,2.89,-0.7,-12.3,0x0000,0x0000,0,0.0,0.0,57,0,0,60,99714.0,0.0,58906.27355,29.137828,29.137828,r,16.568189044936926,58906.27355,16.568189044936926,0.006,r
2250.9829999999997,2251.013,-13.696,0.003,301016.74,781.97,0x00000001,17897.7,1.456006,0.017247,1.579002,33.47,4.46,0.0,3.74,3.41,3.58,-77.0,-2.5,0x0000,0x0000,0,0.0,0.0,89,0,0,89,285229.0,0.0,58869.34682,27.6495,27.6495,r,13.953023379890201,58869.34682,13.953023379890201,0.003,r
2250.9770000000003,2251.251,-12.182,0.008,74626.95,531.8,0x00000001,5356.49,1.339114,-0.053346000000000005,1.41596,23.45,6.02,0.0,3.44,3.07,3.26,59.5,11.6,0x0000,0x0000,0,0.0,0.0,72,0,0,76,70980.0,0.0,58875.37718,27.84155,27.84155,g,15.659310769030803,58875.37718,15.659310769030803,0.008,g
2250.88,2251.189,-11.913,0.01,58236.61,535.99,0x00000001,5882.84,1.151657,-0.048794,1.173499,-126.47,17.49,0.0,2.84,2.65,2.74,53.0,23.4,0x0000,0x0000,0,0.0,0.0,40,2,0,52,53885.0,-189.0,58894.309,28.233706,28.233706,i,16.32071578397757,58894.309,16.32071578397757,0.01,i
2251.007,2251.09,-11.525,0.005,40725.52,170.93,0x00000001,1900.46,1.83673,-0.010962999999999999,1.595274,6.07,2.77,0.0,4.33,3.75,4.04,6.4,26.9,0x0000,0x0000,0,0.0,0.0,100,0,0,115,38890.0,0.0,58870.31922,25.821,25.821,V,14.296333404338762,58870.31922,14.296333404338762,0.005,V
2250.647,3193.7070000000003,-11.099,0.0,27518.16,0.0,0x00000002,1459.56,1.43677,0.186152,1.6419650000000001,-14.37,139.77,0.0,4.88,2.98,3.93,-53.5,37.5,0x0000,0x0000,0,0.0,0.0,66,10,0,100,26635.0,-297.0,58893.29361,28.271782,28.271782,u,17.172733521345865,58893.29361,17.172733521345865,0.0,u
2250.9120000000003,2251.259,-12.860999999999999,0.003,139483.79,435.12,0x00000001,10011.55,1.339114,-0.053346000000000005,1.41596,37.83,12.97,0.0,3.44,3.07,3.26,59.5,19.4,0x0000,0x0000,0,0.0,0.0,73,0,0,75,131546.0,0.0,58871.35378,27.855968,27.855968,g,14.994658651631962,58871.35378,14.994658651631962,0.003,g
2250.763,2251.291,-12.003,0.006,63241.28,375.01,0x00000001,3792.09,1.4814209999999999,-0.023829,1.537785,47.78,8.16,0.0,3.68,3.44,3.56,62.3,-2.7,0x0000,0x0000,0,0.0,0.0,84,0,0,89,64424.0,0.0,58875.38076,27.0917,27.0917,V,15.089198371386606,58875.38076,15.089198371386606,0.006,V
2250.842,2251.7329999999997,-10.780999999999999,0.013999999999999999,20525.05,273.73,0x00000001,1415.91,1.3665049999999999,-0.062967,1.440205,12.44,7.24,0.0,3.55,3.1,3.32,56.5,34.5,0x0000,0x0000,0,0.0,0.0,57,0,0,78,20418.0,0.0,58875.38179,27.137235,27.137235,B,16.356524440612944,58875.38179,16.356524440612944,0.013999999999999999,B
2250.871,2251.847,-12.057,0.004,66511.38,261.48,0x00000001,4587.58,1.3665049999999999,-0.062967,1.440205,22.15,6.4,0.0,3.55,3.1,3.32,56.5,21.4,0x0000,0x0000,0,0.0,0.0,76,0,0,77,63840.0,0.0,58872.35992,27.888007,27.888007,B,15.83076710296885,58872.35992,15.83076710296885,0.004,B
2250.964,2251.174,-11.985,0.012,62236.16,710.47,0x00000001,5438.49,1.2063700000000002,-0.040530000000000004,1.295033,47.66,2.15,0.0,3.09,2.81,2.95,69.1,9.6,0x0000,0x0000,0,0.0,0.0,52,0,0,64,62720.0,0.0,58921.25843,29.285496,29.285496,V,17.300389028407828,58921.25843,17.300389028407828,0.012,V
2251.022,2251.248,-12.093,0.006999999999999999,68729.15,433.43,0x00000001,3912.44,1.50196,0.001591,1.600082,8.74,2.66,0.0,3.77,3.54,3.65,-88.3,-7.4,0x0000,0x0000,0,0.0,0.0,84,0,0,95,64941.0,0.0,58876.36475,27.8715,27.8715,g,15.778647567864201,58876.36475,15.778647567864201,0.006999999999999999,g
2250.7960000000003,2251.783,-12.095999999999998,0.008,68924.35,477.5,0x00000001,4753.99,1.3665049999999999,-0.062967,1.440205,80.69,3.7,0.0,3.55,3.1,3.32,56.5,16.6,0x0000,0x0000,0,0.0,0.0,73,0,0,79,70027.0,0.0,58905.30594,29.66005,29.66005,B,17.56411830218294,58905.30594,17.56411830218294,0.008,B
2250.969,2251.297,-9.394,0.031,5723.45,164.51,0x00000001,303.58,1.558437,-0.035162,1.648309,7.12,1.75,0.0,3.99,3.59,3.79,60.9,8.0,0x0000,0x0000,0,0.0,0.0,71,0,0,102,6064.0,0.0,58876.36632,27.495039,27.495039,u,18.1008942670507,58876.36632,18.1008942670507,0.031,u
2250.974,2251.235,-12.539000000000001,0.013999999999999999,103677.26,1296.16,0x00000001,7443.89,1.339114,-0.053346000000000005,1.41596,-192.78,3.33,0.0,3.44,3.07,3.26,59.5,2.6,0x0000,0x0000,0,0.0,0.0,53,4,0,76,89362.0,-827.0,58921.24681,29.970868,29.970868,g,17.4316592223229,58921.24681,17.4316592223229,0.013999999999999999,g
2250.868,2251.134,-11.823,0.009000000000000001,53609.87,433.66,0x00000001,4685.14,1.2063700000000002,-0.040530000000000004,1.295033,59.97,1.86,0.0,3.09,2.81,2.95,69.1,6.1,0x0000,0x0000,0,0.0,0.0,56,0,0,64,53661.0,0.0,58909.369,28.730243,28.730243,V,16.90713111476415,58909.369,16.90713111476415,0.009000000000000001,V
2250.923,2251.167,-11.985,0.016,62207.86,890.56,0x00000001,6285.46,1.151657,-0.048794,1.173499,-276.51,7.43,0.0,2.84,2.65,2.74,53.0,14.3,0x0000,0x0000,0,0.0,0.0,34,7,0,53,52911.0,-1138.0,58909.35704,28.819772,28.819772,i,16.835158846192314,58909.35704,16.835158846192314,0.016,i
2250.783,2251.7889999999998,-11.222999999999999,0.013999999999999999,30848.47,403.86,0x00000001,2127.49,1.3665049999999999,-0.062967,1.440205,37.85,1.79,0.0,3.55,3.1,3.32,56.5,-8.6,0x0000,0x0000,0,0.0,0.0,69,0,0,79,31020.0,0.0,58904.33742,28.802727,28.802727,B,17.579642927296867,58904.33742,17.579642927296867,0.013999999999999999,B
2250.828,2251.744,-11.107000000000001,0.016,27719.02,420.02,0x00000001,1613.14,1.5019049999999998,0.064449,1.547793,10.41,1.7,0.0,3.9,3.34,3.62,-50.7,-30.9,0x0000,0x0000,0,0.0,0.0,63,0,0,94,25781.0,0.0,58907.37604,28.6613,28.6613,B,17.55435532044241,58907.37604,17.55435532044241,0.016,B
2250.895,2251.161,-12.34,0.011000000000000001,86294.7,856.76,0x00000001,6194.77,1.339114,-0.053346000000000005,1.41596,48.42,2.61,0.0,3.44,3.07,3.26,59.5,-0.8,0x0000,0x0000,0,0.0,0.0,65,0,0,72,81410.0,0.0,58907.36338,29.397367,29.397367,g,17.05740669180806,58907.36338,17.05740669180806,0.011000000000000001,g
2250.931,2251.138,-11.972999999999999,0.01,61520.93,544.68,0x00000001,4070.91,1.463288,-0.020692,1.411638,43.77,1.66,0.0,3.48,3.29,3.39,25.0,14.3,0x0000,0x0000,0,0.0,0.0,67,0,0,82,60628.0,0.0,58907.37341,28.7617,28.7617,V,16.789142770028292,58907.37341,16.789142770028292,0.01,V
2250.632,2251.27,-8.96,0.11199999999999999,3836.47,393.89,0x00000001,203.09,1.558437,-0.035162,1.648309,-27.02,2.22,0.0,3.99,3.59,3.79,60.9,-8.1,0x0000,0x0000,0,0.0,0.0,19,11,0,102,1984.0,-734.0,58923.27942,28.468097,28.468097,u,19.508267483743744,58923.27942,19.508267483743744,0.11199999999999999,u
2250.791,2251.774,-12.319,0.006,84683.22,435.37,0x00000001,5841.05,1.3665049999999999,-0.062967,1.440205,67.35,5.66,0.0,3.55,3.1,3.32,56.5,17.0,0x0000,0x0000,0,0.0,0.0,75,0,0,79,83631.0,0.0,58882.33179,29.354992,29.354992,B,17.03549859174598,58882.33179,17.03549859174598,0.006,B
2250.994,2251.2270000000003,-12.2,0.009000000000000001,75876.82,597.49,0x00000001,4450.85,1.505318,-0.017775,1.547981,21.33,1.71,0.0,3.69,3.51,3.6,62.0,-5.2,0x0000,0x0000,0,0.0,0.0,76,0,0,93,71579.0,0.0,58884.37103,28.6891,28.6891,g,16.488827196744683,58884.37103,16.488827196744683,0.009000000000000001,g
2250.908,2251.181,-11.06,0.018000000000000002,26539.21,435.17,0x00000001,2682.1,1.151657,-0.048794,1.173499,-114.85,8.25,0.0,2.84,2.65,2.74,53.0,21.6,0x0000,0x0000,0,0.0,0.0,34,7,0,53,22957.0,-477.0,58908.30123,27.840347,27.840347,i,16.780627022607664,58908.30123,16.780627022607664,0.018000000000000002,i
2250.936,2251.049,-12.001,0.019,63166.39,1130.5,0x00000001,5889.98,1.178666,-0.032305,1.243788,66.23,1.61,0.0,2.96,2.75,2.85,69.3,9.4,0x0000,0x0000,0,0.0,0.0,52,0,0,60,63279.0,0.0,58904.32282,28.541,28.541,i,16.539784856516626,58904.32282,16.539784856516626,0.019,i
2250.929,2251.152,-12.255999999999998,0.02,79856.24,1473.86,0x00000001,5388.3,1.3290600000000001,0.045127999999999995,1.5195239999999999,-435.3,4.09,0.0,3.64,3.09,3.36,-72.9,-3.8,0x0000,0x0000,0,0.0,0.0,39,16,0,79,57777.0,-4304.0,58911.19852,29.0018,29.0018,i,16.746027855617623,58911.19852,16.746027855617623,0.02,i
2250.97,2251.163,-12.523,0.019,102099.99,1751.65,0x00000001,9271.17,1.233309,0.000146,1.221459,-172.01,2.82,0.0,2.9,2.88,2.89,-0.7,8.3,0x0001,0x8074,4,0.0,0.0,41,0,0,60,89684.0,0.0,58921.23906,29.671271,29.671271,r,17.1487067511232,58921.23906,17.1487067511232,0.019,r
2251.027,2251.194,-11.765999999999998,0.005,50872.67,250.12,0x00000001,4445.73,1.2063700000000002,-0.040530000000000004,1.295033,46.35,3.43,0.0,3.09,2.81,2.95,69.1,4.7,0x0000,0x0000,0,0.0,0.0,65,0,0,65,50260.0,0.0,58882.33001,27.730892,27.730892,V,15.964680670673097,58882.33001,15.964680670673097,0.005,V
2251.26,2251.103,-9.484,0.069,6217.7,396.37,0x00000001,151.13,2.360584,-0.003573,2.3860419999999998,11.1,0.99,0.0,5.65,5.53,5.59,59.0,0.9,0x0000,0x0000,0,0.0,0.0,72,1,0,225,6135.0,-44.0,58885.35848,28.2381,28.2381,u,18.754025590537346,58885.35848,18.754025590537346,0.069,u
2250.976,2251.061,-12.425,0.008,93336.77,720.94,0x00000001,8475.21,1.233309,0.000146,1.221459,-102.23,5.26,0.0,2.9,2.88,2.89,-0.7,4.0,0x0000,0x0000,0,0.0,0.0,47,1,0,61,82829.0,-118.0,58911.19578,29.165249,29.165249,r,16.740117080821506,58911.19578,16.740117080821506,0.008,r
2250.897,2251.2,-12.137,0.009000000000000001,71554.72,606.89,0x00000001,5135.92,1.339114,-0.053346000000000005,1.41596,8.13,2.63,0.0,3.44,3.07,3.26,59.5,-3.6,0x0000,0x0000,0,0.0,0.0,60,1,0,73,66305.0,-76.0,58894.31054,28.957367,28.957367,g,16.820771283434702,58894.31054,16.820771283434702,0.009000000000000001,g
2250.827,2251.8,-12.402000000000001,0.008,91370.14,644.01,0x00000001,6302.04,1.3665049999999999,-0.062967,1.440205,69.42,3.73,0.0,3.55,3.1,3.32,56.5,19.6,0x0000,0x0000,0,0.0,0.0,75,0,0,78,91105.0,0.0,58883.38041,29.488237,29.488237,B,17.086226274122545,58883.38041,17.086226274122545,0.008,B
2250.938,2251.149,-11.943,0.006,59880.37,356.99,0x00000001,5233.22,1.2063700000000002,-0.040530000000000004,1.295033,80.46,5.9,0.0,3.09,2.81,2.95,69.1,28.0,0x0000,0x0000,0,0.0,0.0,61,0,0,64,60788.0,0.0,58883.37883,28.018002,28.018002,V,16.074790812052342,58883.37883,16.074790812052342,0.006,V
2250.9,2251.252,-12.706,0.005,120870.42,557.12,0x00000001,6994.48,1.5331110000000001,-0.005483,1.541858,-95.89,3.26,0.0,3.65,3.6,3.62,56.9,-6.8,0x0000,0x0000,0,0.0,0.0,74,4,0,95,107725.0,-348.0,58875.37604,27.4074,27.4074,i,14.70159992201199,58875.37604,14.70159992201199,0.005,i
2250.929,2251.218,-12.645,0.004,114332.54,380.69,0x00000001,8206.66,1.339114,-0.053346000000000005,1.41596,48.17,14.24,0.0,3.44,3.07,3.26,59.5,10.1,0x0000,0x0000,0,0.0,0.0,72,0,0,74,108836.0,0.0,58872.35361,27.855913,27.855913,g,15.210488370398156,58872.35361,15.210488370398156,0.004,g
2250.925,2251.252,-9.031,0.085,4096.4,320.58,0x00000001,217.35,1.558437,-0.035162,1.648309,8.15,1.28,0.0,3.99,3.59,3.79,60.9,7.7,0x0000,0x0000,0,0.0,0.0,55,0,0,102,4791.0,0.0,58895.28938,28.213013,28.213013,u,19.182007106331177,58895.28938,19.182007106331177,0.085,u
2250.839,2239.906,-11.957,0.024,60652.29,1324.75,0x00000001,6278.63,1.130347,-0.092677,1.1607020000000001,37.51,12.91,0.0,2.88,2.54,2.71,51.1,-7.4,0x0000,0x0000,0,0.0,0.0,34,5,0,51,55788.0,-1685.0,58923.27495,28.8109,28.8109,i,16.853781992946182,58923.27495,16.853781992946182,0.024,i
2251.014,2251.127,-13.130999999999998,0.005,178791.6,785.45,0x00000001,12271.72,1.297718,0.018324,1.534877,-20.88,35.82,0.0,3.62,3.05,3.34,-83.9,-0.8,0x0000,0x0000,0,0.0,0.0,66,0,0,77,168300.0,0.0,58871.35235,27.4004,27.4004,i,14.269532222789623,58871.35235,14.269532222789623,0.005,i
2250.913,2251.111,-11.072000000000001,0.021,26832.52,517.48,0x00000001,570.88,2.647552,0.007304000000000001,2.4259150000000003,3.11,1.07,0.0,6.28,5.68,5.98,-14.1,-4.8,0x0000,0x0000,0,0.0,0.0,111,0,0,250,23325.0,0.0,58896.29249,27.933,27.933,g,16.861346345649544,58896.29249,16.861346345649544,0.021,g
2250.915,2251.1679999999997,-12.427999999999999,0.015,93541.09,1272.82,0x00000001,9450.76,1.151657,-0.048794,1.173499,-499.14,10.24,0.0,2.84,2.65,2.74,53.0,18.5,0x0000,0x0000,0,0.0,0.0,34,11,0,53,78033.0,-2365.0,58908.30253,29.216538,29.216538,i,16.789031934309456,58908.30253,16.789031934309456,0.015,i
2250.966,2251.1020000000003,-12.24,0.008,78737.47,582.03,0x00000001,7150.58,1.233309,0.000146,1.221459,-49.09,6.46,0.0,2.9,2.88,2.89,-0.7,9.3,0x0000,0x0000,0,0.0,0.0,51,0,0,60,71696.0,0.0,58909.35484,28.939336,28.939336,r,16.698882360284713,58909.35484,16.698882360284713,0.008,r
2250.92,2251.163,-11.48,0.009000000000000001,39101.1,320.5,0x00000001,3416.75,1.2063700000000002,-0.040530000000000004,1.295033,56.4,6.19,0.0,3.09,2.81,2.95,69.1,29.8,0x0000,0x0000,0,0.0,0.0,57,0,0,64,40073.0,0.0,58893.3013,28.003097,28.003097,V,16.522624561931668,58893.3013,16.522624561931668,0.009000000000000001,V
2250.924,2251.1479999999997,-9.412,0.013000000000000001,5820.31,71.33,0x00000001,528.53,1.233309,0.000146,1.221459,-11.39,2.98,0.0,2.9,2.88,2.89,-0.7,23.7,0x0000,0x0000,0,0.0,0.0,37,4,0,61,5099.0,-51.0,58905.28134,26.082418,26.082418,r,16.67005270860553,58905.28134,16.67005270860553,0.013000000000000001,r
